Address,Account #,Account Name,Title Owner Account #,Physical Loc Site #,Lat ,Lon
"25 WEST 2OTH ST - SUITE 1107, New York, NY 10011",1003,ATLANTIS WORLDWIDE LLC,1-1WCVQSZB,542738,,
"125 PARK AVE STE 2615, New York, NY 10017",1003,ATLANTIS WORLDWIDE LLC,1003,542739,,
"161 MADISON AVE RM 9SW, New York, NY 10016",1005113,ACCORD MEDICAL ASSOCIATES,1005113,1287096,,
"630 W 168TH ST, New York, NY 10032",1008439,COLUMBIA UNIVERSITY,1008439,1690770,,
"177 FORT WASHINGTON AVE, New York, NY 10032",1014624,COLUMBIA UNIVERSITY MEDICAL CENTER MILLSTEIN HOSPITAL BUILDING,1014624,2095100,,
"1 GUSTAVE L LEVY PL, New York, NY 10029",1018587,ICAHN SCHOOL OF MEDICINE AT MOUNT SINAI,1-1NFW5,4297478,,
"160 E 34TH ST, New York, NY 10016",1025095,NYUMC CANCER CENTER,1-1NFW5,2391597,,
"70 E 90TH ST, New York, NY 10128",1031903,MATERNAL FETAL MEDICINE PLLC,1031903,1395139,,
"780 PARK AVE, New York, NY 10021",1041580,JANA KLAUER MD,1041580,1520279,,
"317 E 34TH ST STE 101, New York, NY 10016",1062062,MURRAY HILL MEDICAL GROUP PC,1062062,1358774,,
"248 W 26TH ST, New York, NY 10001",1066140,WEST CHELSEA VETERINARY HOSPITAL,1066140,1690607,,
"51 W 51ST ST, New York, NY 10019",1080544,CLIFTON CENTREVILLE ANIMAL CLINIC,1080544,1500416,,
"1430 2ND AVE RM 101, New York, NY 10021",1111603,PEDRO SEGARRA MD,1111603,1399731,,
"408 E 76TH ST, New York, NY 10021",1118982,MDD REALTY,1-1NFW5,3166069,,
"325 W 15TH ST, New York, NY 10011",1119051,APTIUM W NEW YORK INC,129944,1793531,,
"424 E 92ND ST, New York, NY 10128",1119883,ASPCA ANIMAL HOSPITAL,1119883,1404895,,
"217 GRAND ST, New York, NY 10013",1119913,KENNETH TAM MD,1119913,1703099,,
"1 W 15TH ST, New York, NY 10011",1131785,VCA FIFTH AVENUE VET SPECIALISTS,966420,1584976,,
"213 MADISON AVE STE 1A, New York, NY 10016",1136512,ROSH MATERNAL FETAL MEDICINE PLLC,1136512,1616025,,
"1120 PARK AVE, New York, NY 10128",1147243,HOWARD SCHIFF MD,1147243,1809847,,
"316 E 30TH ST FL 2, New York, NY 10016",1150815,CONCORDE MEDICAL GROUP,1150815,1548115,,
"240 MADISON AVE, New York, NY 10016",1151447,MADISON AVENUE IMAGING LLC,306314,1424811,,
"215 LEXINGTON AVE  20TH FL, New York, NY 10016",1161275,JED C KAMINETSKY MD PC,1161275,1433707,,
"65 E 96TH ST, New York, NY 10128",1166022,ALEX S TEPPER MD,1166022,1904267,,
"1245 MADISON AVE, New York, NY 10128",1166486,CARNEGIE HILL IMAGING FOR WOMEN PLLC,1166486,1688778,,
"407 E 70TH ST, New York, NY 10021",1169300,LAWRENCE INRA MD,1169300,1496130,,
"161 FORT WASHINGTON AVE, New York, NY 10032",1186147,NEW YORK PRESBYTERIAN HOSPITAL,1728069,1482201,,
"400 E 66TH ST, New York, NY 10065",1204790,MANHATTAN DIAGNOSTIC RADIOLOGY,306314,1947085,,
"300 E 56TH ST, New York, NY 10022",1207652,MANHATTAN SPINE & SPORTS MEDICINE,1207652,1927796,,
"150 E 32ND ST, New York, NY 10016",1210631,NYU  UROLOGY ASSOCIATES,318083,1683479,,
"16 E 60TH ST STE 350, New York, NY 10022",1220030,COLUMBIA DOCTORS MIDTOWN,1220030,1744460,,
"275 7TH AVE, New York, NY 10001",1222224,UNITE HEALTH CENTER,1038509,1541647,,
"993 PARK AVE, New York, NY 10028",1228756,MANHATTAN WOMENS HEALTH OB GYN PC,1228756,1707952,,
"108 E 66TH ST STE 1B, New York, NY 10065",1228756,MANHATTAN WOMENS HEALTH OB GYN PC,1228756,1510742,,
"103 E 84TH ST, New York, NY 10028",1236656,NEW YORK OBSTETRICS AND GYNECOLOGY PC,1-1NFW5,1614543,,
"551 5TH AVE RM 525, New York, NY 10176",1249920,EMPIRE PHYSICAL MEDICINE & PAIN MANAGEMENT,1249920,1529846,,
"751 2ND AVE, New York, NY 10017",1249928,REMOTE DIAGNOSTIC IMAGING LLC,1249928,1528691,,
"115 E 67TH ST, New York, NY 10065",1250505,ROBBI KEMPNER MD FACS PC,1-1NFW5,3159451,,
"410 W 55TH ST, New York, NY 10019",1252184,BLUEPEARL MANHATTAN,1029694,1578432,,
"330 W 58TH ST STE 613, New York, NY 10019",1258060,REPRODUCTIVE CARE OF NY PC,1258060,5464637,,
"62 E 88TH ST, New York, NY 10128",1264338,EASTSIDE MEDICAL RADIOLOGY,1264338,1540402,,
"1440 YORK AVE STE P9, New York, NY 10075",1265522,CRAIG W WARSCHAUER MD,1265522,1543202,,
"1775 YORK AVE OFC 1P, New York, NY 10128",1269392,AMERICAN ACCESS CARE LLC,966667,1784446,,
"200 RIVERSIDE BLVD STE 15D, New York, NY 10069",1270963,HALEH MILANI MD,1270963,1634993,,
"1305 YORK AVE, New York, NY 10021",1276771,WEILL CORNELL MEDICAL COLLEGE,1276771,1935311,,
"139 CENTRE ST STE 307, New York, NY 10013",1284605,CHINATOWN CARDIOLOGY PC,1284605,1555275,,
"132 BOWERY, New York, NY 10013",1289689,ADVANCED BODY IMAGING ASSOCIATES LLC,1289689,1559300,,
"1050 5TH AVE, New York, NY 10028",1315032,ELIZABETH A POYNOR MD PLLC,1315032,1919377,,
"1440 YORK AVE, New York, NY 10075",1317421,KATHY PLESSER MD PLLC,409033,1605180,,
"128 MOTT ST STE 501, New York, NY 10013",1322888,PORTABLE X RAY OF ARIZONA LLC,1322888,1843602,,
"1123 PARK AVE, New York, NY 10128",1331996,BRASNER & BLUMBERG MD LLP,1331996,1673356,,
"650 1ST AVE, New York, NY 10016",1337752,BALA R SUBRAMANYAM RADIOLOGY,1337752,1692812,,
"139 CENTRE ST STE 703, New York, NY 10013",1343828,CHINA TOWN KIDNEY CARE PLLC,1343828,1698579,,
"4405 BROADWAY, New York, NY 10040",1348389,BROADWAY MEDICAL & DENTAL,1348389,2232815,,
"936 5TH AVE, New York, NY 10021",1348398,LAUREN FEIT MD,1348398,1705019,,
"620 COLUMBUS AVE, New York, NY 10024",1358847,CHEN & MORGAN OBGYN WESTSIDE PLLC,409033,4815637,,
"240 W 98TH ST APT 1E, New York, NY 10025",1361105,ASTER OB GYN PC,1361105,1687466,,
"425 E 61ST ST FL 11, New York, NY 10065",1361127,IRIS CANTOR WOMENS HEALTH CENTER,1361127,1733090,,
"18TH AND 2ND AVE, New York, NY 10003",1363099,NYU HOSPITAL FOR JOINT DISEASE,1363099,1647114,,
"666 GREENWICH ST STE 843, New York, NY 10014",1367319,DORSTEN RADIOLOGY PC,1367319,1732208,,
"230 W 17TH ST, New York, NY 10011",1378495,CHELSEA IMAGING HOLDINGS LLC,1378495,1669861,,
"350 5TH AVE STE 3304, New York, NY 10118",1378696,WALTER MIZELL INC,1-1NFW5,3194920,,
"3340 BROADWAY, New York, NY 10031",1388834,CARDIOLOGY UNLIMITED PC,1388834,1926733,,
"333 E 34TH ST, New York, NY 10016",1390101,ARTHRITIS & RHEUMATOLOGY ASSOCIATES LLP,1390101,1855677,,
"8 CHATHAM SQ STE 800, New York, NY 10038",1390500,WUHUA JING MD PHD PC,1-1NFW5,3242030,,
"150 W 56TH ST APT 4403, New York, NY 10019",1397172,RON E LEV MD PC,342863,1842700,,
"425 W 59TH ST FL 10, New York, NY 10019",1397586,HEAD & NECK SURGICAL GROUP LLC,1397586,2582151,,
"525 E 71ST ST STE 114, New York, NY 10021",1404681,SCOTT RODEO MD,1-1NFW5,3242204,,
"408 BROADWAY STE 410, New York, NY 10013",1407292,TRIBECCA ONCOLOGY,1407292,1863581,,
"425 5TH AVE, New York, NY 10016",1410640,GEOFFREY SHER MD PC,2000091,2808239,,
"22 W 21ST ST STE 400, New York, NY 10010",1412556,SPORTS MEDICINE AT CHELSEA PLLC,1412556,1827929,,
"343 W 58TH ST STE 11, New York, NY 10019",1412602,THOMAS M NOVELLA DPM,1412602,1735424,,
"1192 PARK AVE, New York, NY 10128",1427592,JEFFREY I MECHANICK MD & ELISE M BRETT MD PC,1427592,3041806,,
"124 W 60TH ST APT 35D, New York, NY 10023",1437344,EXPERT ULTRASOUND DIAGNOSTICS LLC,1437344,1889243,,
"227 E 56TH ST STE 203, New York, NY 10022",1442500,DOMINICK CANNAVO MD,1442500,1959865,,
"100 E 77TH ST, New York, NY 10075",145447,LENOX HILL HOSPITAL,1017979,535274,,
"210 E 64TH STREET, New York, NY 10021",145447,LENOX HILL HOSPITAL,1017979,883617,,
"462 FIRST AVE, New York, NY 10016",145459,BELLEVUE HOSPITAL CENTER,1115722,1528761,,
"55 E 86TH ST, New York, NY 10028",145666,EAST SIDE PHYSICIANS,145666,564702,,
"170 WILLIAM ST, New York, NY 10038",145784,NEW YORK PRESBYTERIAN LOWER MANHATTAN HOSPITAL,1387550,1370090,,
"523 E 72ND STREET, New York, NY 10021",145794,HOSPITAL FOR SPECIAL SURGERY,319222,533026,,
"540 E 71ST ST, New York, NY 10021",145794,HOSPITAL FOR SPECIAL SURGERY,319222,617887,,
"145 E 32ND ST 2ND FL, New York, NY 10016",145797,NEW YORK CARDIAC DIAGNOSTIC CENTER,145797,541678,,
"425 E 61ST ST, New York, NY 10065",145833,NEW YORK CARDIOLOGY,145833,539807,,
"32 E 31ST ST, New York, NY 10016",145873,PRECISION HEALTH INC,145873,531165,,
"20 5TH AVE APT 1A, New York, NY 10011",1461649,LOUIS A KATZ MD,1461649,1788638,,
"180 FT WASHINGTON AVE #9-906, New York, NY 10032",146262,COLUMBIA UNIVERSITY HOSPITAL,1008439,532354,,
"1136 5TH AVE, New York, NY 10128",146315,SULLUM & ENGELBERTS MD,146315,531663,,
"211 E 51ST ST, New York, NY 10022",1463630,ROBERT SEGAL MD,1157433,1894404,,
"185 CANAL ST FRNT 6, New York, NY 10013",146527,SHIEH WEI-YUAN MD,146527,543099,,
"622 W 168TH ST, New York, NY 10032",146642,COLUMBIA UNIVERSITY,146642,1626868,,
"710 W 68TH ST 10TH FL, New York, NY 10022",146642,COLUMBIA UNIVERSITY,146642,535253,,
"710 W 168TH ST RM 612, New York, NY 10032",146642,COLUMBIA UNIVERSITY,146642,1582322,,
"710 W 168TH ST, New York, NY 10032",146642,COLUMBIA UNIVERSITY,146642,1332030,,
"123 LAFAYETTE ST FL 6TH, New York, NY 10013",146774,MANUEL C SY MD PC,146774,527361,,
"506 LENOX AVE, New York, NY 10037",146809,HARLEM HOSPITAL CENTER,146809,1375915,,
"210 E 64TH ST, New York, NY 10021",146823,MANHATTAN EYE EAR & THROAT HOSPITAL,1017979,535280,,
"3959 BROADWAY CHN 2-263, New York, NY 10032",147097,COLUMBIA UNIVERSITY IN THE CITY OF NEW YORK,1-1NFW5,1645551,,
"630 W 168TH ST PH8W RM 864, New York, NY 10032",147097,COLUMBIA UNIVERSITY IN THE CITY OF NEW YORK,147097,1786715,,
"16 E 60TH ST, New York, NY 10022",147143,COLUMBIA UNIVERSITY,1-1WCVQSZB,814441,,
"21 AUDUBON AVE 2ND FL RM 209, New York, NY 10032",147143,COLUMBIA UNIVERSITY,146642,1831908,,
"630 W 168TH ST PH 16-16, New York, NY 10032",147143,COLUMBIA UNIVERSITY,146642,1647567,,
"1050 RIVERSIDE DR, New York, NY 10032",147143,COLUMBIA UNIVERSITY,147143,1679353,,
"1790 BROADWAY FL 2, New York, NY 10019",147143,COLUMBIA UNIVERSITY,147143,1637868,,
"520 E 70TH ST, New York, NY 10021",147226,WEILL MEDICAL COLLEGE OF CORNELL UNIVERSITY,1276771,895818,,
"505 E 70TH ST, New York, NY 10021",147226,WEILL MEDICAL COLLEGE OF CORNELL UNIVERSITY,147226,540748,,
"510 E 70TH ST, New York, NY 10021",147226,WEILL MEDICAL COLLEGE OF CORNELL UNIVERSITY,147226,540747,,
"50 W 58TH ST, New York, NY 10019",157106,HADASSAH MEDICAL RELIEF ASSOCIATION,157106,539893,,
"5 E 98TH ST, New York, NY 10029",157121,MOUNT SINAI FACULTY PRACTICE,203566,565123,,
"425 W 59TH ST, New York, NY 10019",157162,MOUNT SINAI WEST,1427665,534295,,
"1000 10TH AVE STE 10G, New York, NY 10019",157162,MOUNT SINAI WEST,145910,3138559,,
"445 W 58TH ST, New York, NY 10022",157162,MOUNT SINAI WEST,145910,534290,,
"1000 10TH AVE, New York, NY 10019",157162,MOUNT SINAI WEST,157162,534289,,
"40 WALL ST FL 28, New York, NY 10005",1607598,CENEGENICS OF NEW YORK CITY LLC,1607598,2190361,,
"108 E 96TH ST, New York, NY 10128",1613333,ARTHUR KENNISH MD PHD,1613333,1799210,,
"1820 MADISON AVE, New York, NY 10035",1616759,MADISON AVENUE RADIOLOGY CENTER,1616759,2706422,,
"1825 MADISON AVE, New York, NY 10035",1616759,MADISON AVENUE RADIOLOGY CENTER,1616759,1804142,,
"217 GRAND ST STE 6, New York, NY 10013",1617519,RAYMOND L YUNG MD PC,1617519,2709013,,
"30 CENTRAL PARK S, New York, NY 10019",1620928,PHYSIOAGE MEDICAL GROUP,1620928,1809554,,
"343 E 30TH ST, New York, NY 10016",1625036,SARA B KRAMER MD,1625036,1815893,,
"131 E 65TH ST, New York, NY 10065",1626253,COMPREHENSIVE GENETICS,1626253,1816936,,
"55 FIRST AVENUE, New York, NY 10016",162980,NYU MEDICAL CENTER,300427,540636,,
"110 LAFAYETTE ST FL 3RD, New York, NY 10013",163121,MANHATTAN CARDIAC MEDICAL PC,163121,539724,,
"70 BOWERY STE 303, New York, NY 10013",1632454,HEART & VASCULAR CARE,1632454,1827417,,
"230 CENTRAL PARK S, New York, NY 10019",163281,SATWANT DHAMOON MD,163281,903683,,
"525 E 71ST ST, New York, NY 10021",1639401,BRIAN HALPERN MD,1639401,1843764,,
"1787 MADISON AVE STE 50C, New York, NY 10035",1657013,MADISON CARDIAC IMAGING,1657013,1845911,,
"975 PARK AVE, New York, NY 10028",1658585,HANDSPORT SURGERY INSTITUTE,1658585,1848434,,
"343 W 145TH ST, New York, NY 10031",1659430,FELDMAN MEDICAL PC,1659430,1849447,,
"150 E 32ND ST FL 1, New York, NY 10016",1661383,KIPS BAY GYNECOLOGY LLC,318083,1855191,,
"15 W 44TH ST FL 10, New York, NY 10036",1665372,NIHON MEDICAL GROUP PC,1665372,1859920,,
"235 E 67TH ST RM 204, New York, NY 10065",1666275,JOAN L KENT MD,409033,3012228,,
"265 CANAL ST STE 308, New York, NY 10013",1667345,BRYAN OYOUNG MD,1667345,1861825,,
"106 E 35TH ST, New York, NY 10016",1667610,ACCELERATION MANAGEMENT GROUP,1-1NFW5,1862065,,
"343 W 58TH ST, New York, NY 10019",1670624,PHILIP A BAUMAN MD,1670624,1868754,,
"461 PARK AVE S STE 200, New York, NY 10016",1679875,TESSLER DEVELOPMENTS LLC,1679875,1878889,,
"139 CENTRE ST STE PH102, New York, NY 10013",1680450,ROSH MATERNAL FETAL MEDICINE PLLC,1136512,1880651,,
"315 MADISON AVE STE 1200, New York, NY 10017",1680793,ALICIA RUSSELL CARTER MD PC,1680793,1880209,,
"122 W 70TH ST, New York, NY 10023",1682460,HAMID BEHZADI MD,1682460,1882378,,
"339 E 28TH ST, New York, NY 10016",1684240,NEW YORK UNIVERSITY LANGONE MEDICAL CENTER,2084560,1884509,,
"31ST STREET AND EAST RIVER DR, New York, NY 10016",1684240,NEW YORK UNIVERSITY LANGONE MEDICAL CENTER,698214,1930941,,
"354 E 76TH ST, New York, NY 10021",1686914,JOSHUA DONIS MD,1686914,1889019,,
"315 W 57TH ST STE 204, New York, NY 10019",1696176,ST LUKES ROOSEVELT HOSPITAL CENTER,157162,1904482,,
"33 W 125TH ST, New York, NY 10027",1696195,HEMANT PATEL MD,1696195,1905149,,
"217 GRAND ST FL 9, New York, NY 10013",1699626,KENNETH C TAM MD FACC PC,1119913,1917704,,
"180 FORT WASHINGTON AVE # 736, New York, NY 10032",1699811,COLUMBIA UNIVERSITY HARKNESS PAVILION,916025,2162348,,
"800 2ND AVE RM 815, New York, NY 10017",1702719,NY MIDTOWN OB GYN,1702719,1918776,,
"26 BLEECKER ST, New York, NY 10012",1705478,PLANNED PARENTHOOD OF NEW YORK CITY INC,1705478,1925071,,
"380 2ND AVE STE 1000, New York, NY 10010",1707808,GRAMERCY SURGERY CENTER INC,399835,3141273,,
"10 W 74TH ST APT 1G, New York, NY 10023",1712702,PERSONAL BEST INC,1712702,1937422,,
"303 E 65TH ST, New York, NY 10065",1714338,MEMORIAL SLOAN KETTERING CANCER CENTER,1727201,4270543,,
"139 CENTRE ST STE 611, New York, NY 10013",1717422,NG MEDICAL PLLC,1717422,1944471,,
"430 E 59TH ST, New York, NY 10022",1720554,EAST RIVER MEDICAL IMAGING PC,1720547,1947500,,
"3 E 75TH ST, New York, NY 10021",1720560,EAST RIVER MEDICAL IMAGING PC,1720547,1947502,,
"170 E 77TH ST, New York, NY 10075",1723817,ADVANCED CARDIOVASCULAR IMAGING PC,872083,1953473,,
"785 PARK AVE, New York, NY 10021",1726134,JEAN M CHIN MD,301579,1957122,,
"633 3RD AVE, New York, NY 10017",1727201,MEMORIAL SLOAN KETTERING CANCER CENTER,1727201,1959545,,
"380 2ND AVE, New York, NY 10010",1727310,GRAMERCY MRI & DIAGNOSTIC RADIOLOGY PC,294023,1959977,,
"575 LEXINGTON AVE, New York, NY 10022",1727390,WEILL CORNELL MEDICAL COLLEGE OF CORNELL UNIVERSITY,1727390,1960168,,
"523 E 72ND ST, New York, NY 10021",1728942,BETH E SHUBIN STEIN MD,1728942,1962820,,
"2315 BROADWAY, New York, NY 10024",1730524,WEILL CORNELL IMAGING AT NEW YORK PRESBYTERIAN,1730524,1966187,,
"530 E 76TH ST APT 20J, New York, NY 10021",1732991,QIN MEDICAL PC,1732991,1972287,,
"112 E 61ST ST, New York, NY 10065",1734178,ALEXANDER KULICK MD INTEGRATIVE MEDICAL ASSOCIATE PC,1734178,1974988,,
"300 E 66TH ST, New York, NY 10065",1737193,EVYLYN H LAUDER BREAST CENTER OF MEMORIAL SLOAN KETTERING CANCER CENTER,1727201,1982811,,
"170 E 77TH ST LOWR LEVEL, New York, NY 10075",1741499,EAST SIDE MEDICAL RADIOLOGY,1741499,1985948,,
"5 LISPENARD ST, New York, NY 10013",1744253,TRIBECA SOHO ANIMAL HOSPITAL,1744253,1991392,,
"638 COLUMBUS AVE, New York, NY 10024",1744937,MOUNT SINAI MEDICAL CENTER,1744937,1992852,,
"147 W 15TH ST, New York, NY 10011",1750085,UNION SQUARE IMAGING WEST,1750085,2003127,,
"3030 BROADWAY, New York, NY 10027",1752535,DODGE PHYSICAL FITNESS CENTER,1752535,2017732,,
"12 E 52ND ST, New York, NY 10022",1756551,SALERNO COMPLEMENTARY MEDICINE PLLC,1756551,2018991,,
"4448 BROADWAY, New York, NY 10040",1756769,MADISON AVENUE RADIOLOGY CENTER,1616759,2017610,,
"177 E 87TH ST STE 507, New York, NY 10128",1766396,MOUNT SINAI MANHATTAN HEART,1766396,2090242,,
"115 E 23RD ST FL 10, New York, NY 10010",1766678,GRAMERCY GYNECOLOGY PC,1766678,2048481,,
"115 E 67TH ST APT 1A, New York, NY 10065",1771337,ROSH MATERNAL FETAL MEDICINE PLLC,1771337,2078337,,
"111 JOHN ST STE 1450, New York, NY 10038",1771912,RON E LEV MD PC,1771912,3069396,,
"1752 PARK AVE, New York, NY 10035",1772527,HENRY J CARTER SPECIALTY HOSPITAL & NURSING FACILITY,1115722,2084930,,
"700 COLUMBUS AVE, New York, NY 10025",1775288,GOTHAM VETERINARY CENTER PC,1775288,2101461,,
"210 E 86TH ST FL 9, New York, NY 10028",1778736,ENT & ALLERGY ASSOCIATES LLP,1778736,2108941,,
"403 E 37TH ST, New York, NY 10016",1782617,RIVERGATE VETERINARY CLINIC PC,1782617,2122604,,
"330 E 17TH ST, New York, NY 10003",1785583,BETH ISRAEL MEDICAL CENTER,146472,2145360,,
"107 E 76TH ST, New York, NY 10021",1785775,LENOX HILL HOSPITAL,1017979,2146980,,
"150 E 71ST ST, New York, NY 10021",1786257,CENTER FOR HUMAN REPRODUCTION,1017979,2300879,,
"38 E 32ND ST, New York, NY 10016",1787358,CITYSCAPE OB GYN PLLC,1787358,2162347,,
"3959 BROADWAY FL 12, New York, NY 10032",1790489,CENTER FOR PRENATAL PEDIATRICS,1790489,2910088,,
"148 MADISON AVE, New York, NY 10016",1793367,CARNEGIE SOUTH IMAGING FOR WOMEN PLLC,1-1NFW5,2191990,,
"912 5TH AVE, New York, NY 10021",1794851,ADAM ROSENBLUTH MD,1794851,2234678,,
"2360 AMSTERDAM AVE APT M1, New York, NY 10033",1798079,AMSTERDAM MEDICAL PRACTICE PLLC,1798079,2260015,,
"90 MAIDEN LN STE 300, New York, NY 10038",1798709,NEW YORK PELVIC PAIN & MINIMALLY INVASIVE GYNECOLOGIC SURGERY PC,1798711,3207777,,
"18 E 41ST ST FL 1, New York, NY 10017",1798711,NEW YORK COMPREHENSIVE WOMENS MEDICAL,1798711,2295215,,
"57 W 57TH ST STE 1201, New York, NY 10019",1801697,INTEGRATIVE PHYSICAL MEDICINE & REHABILITATION PC,1801697,2258776,,
"545 1ST AVE, New York, NY 10016",1802866,NYU SCHOOL OF MEDICINE,146371,2978603,,
"1470 MADISON AVE, New York, NY 10029",1810276,MOUNT SINAI PRIMARY CARE BLDG,157162,2297435,,
"1879 MADISON AVE, New York, NY 10035",1823551,COLER GOLDWATER NORTH SPECIALTY HOSPITAL,1115722,2326900,,
"130 E 77TH ST, New York, NY 10075",1823573,STUART KATCHIS MD PC,1823573,2331615,,
"240 E 38TH ST, New York, NY 10016",1824174,AMBULATORY CARE CENTER,318083,2342514,,
"130 W 79TH ST, New York, NY 10024",1829130,LENOX HILL RADIOLOGY & MEDICAL IMAGING ASSOCIATES PC,306314,2687188,,
"1450 MADISON AVE FL 1, New York, NY 10029",1830606,ICAHN SCHOOL OF MEDICINE AT MOUNT SINAI,1830606,2362597,,
"39 E BROADWAY # 307, New York, NY 10002",1836474,ZOE ZHECHUN LIU MD,1836474,2641823,,
"1790 BROADWAY, New York, NY 10019",1839507,COLUMBIA OB GYN COLUMBUS CIRCLE,1839507,5613778,,
"755 PARK AVE, New York, NY 10021",1840547,SHEREEN H RUSSELL MD,1840547,2507783,,
"512 E 71ST ST, New York, NY 10021",1841980,NEW YORK PRESBYTERIAN HOSPITAL,1841980,2426468,,
"1468 MADISON AVE, New York, NY 10029",1903427,MOUNT SINAI HOSPITAL,203566,4931525,,
"722 W 168TH ST, New York, NY 10032",1903808,COLUMBIA UNIVERSITY,916025,4387352,,
"135 SPRING ST FL 2, New York, NY 10012",1910481,SPRING OB GYN PC,1910481,3134084,,
"353 E 68TH ST, New York, NY 10065",1913106,MEMORIAL SLOAN KETTERING SIDNEY KIMMEL CENTER FOR PROSTATE & UROLOGIC CANCERS,733150,2808961,,
"3959 BROADWAY, New York, NY 10032",1915062,COLUMBIA UNIVERSITY MEDICAL CENTER,146642,2552728,,
"355 W 52ND ST, New York, NY 10019",1919622,NYU LANGONE MEDICAL CENTER,1802866,4383340,,
"16 E 16TH ST, New York, NY 10003",1926837,INSTITUTE FOR FAMILY HEALTH,128009,4260937,,
"51 W 51ST ST STE 320, New York, NY 10019",1944185,COLUMBIA UNIVERSITY OB GYN MIDTOWN,147097,2688980,,
"2508 ADAM CLAYTON POWELL JR BLVD, New York, NY 10039",1944383,TINY PORTRAITS UPTOWN,1944383,2589765,,
"203 W 12TH ST, New York, NY 10011",1947287,LENOX HILL HOSPITAL CENTER,1017979,2607180,,
"360 E 72ND ST STE A, New York, NY 10021",1955495,BRYAN T KELLY MD,1954581,2636922,,
"1790 BROADWAY FL 4, New York, NY 10019",1958072,COLUMBIA UNIVERSITY FERTILITY CENTER,1958072,2653763,,
"150 AMSTERDAM AVE, New York, NY 10023",1958544,WINTHROP UNIVERSITY HOSPITAL ROBOTIC RADIOSURGERY,146755,2648385,,
"110 E 40TH ST STE 706, New York, NY 10016",1975950,MIDTOWN PREGNANCY SUPPORT CENTER,916589,2677217,,
"530 1ST AVE STE 10N, New York, NY 10016",1976848,STEVEN R GOLDSTEIN MD,1976848,2677745,,
"20 7TH AVE, New York, NY 10011",1978434,CENTER FOR COMPREHENSIVE CARE,1017979,2826269,,
"1ST AVE AT 16TH ST, New York, NY 10003",1979699,JACOB K GOERTZ MD,1979699,2691031,,
"115 E 57TH ST STE 1210, New York, NY 10022",1980078,AINSWORTH INSTITUTE OF PAIN MANAGEMENT,1980078,2694765,,
"210 E 86TH ST RM 402, New York, NY 10028",1980584,KENNETH R MEISLER DPM,1980584,2699832,,
"40 E 84TH ST, New York, NY 10028",1981653,UPPER EAST SIDE GYNECOLOGY,1981653,2701522,,
"217 GRAND ST STE 401, New York, NY 10013",1982572,GEORGE C HALL MD PC,907780,2703317,,
"1421 3RD AVE, New York, NY 10028",1983367,ROSETTA RADIOLOGY PLLC,1983367,2705634,,
"120 E 86TH ST, New York, NY 10028",1984771,LENOX HILL RADIOLOGY ASSOCIATES PC,306314,3076384,,
"155 W 19TH ST FL 4, New York, NY 10011",1986096,BISHER AKIL MD,1986096,2718718,,
"110 E 59TH ST STE 8A, New York, NY 10022",1987371,LENOX HILL HEART & VASCULAR INSTITUTE,1402062,4262009,,
"21 AUDUBON AVE, New York, NY 10032",1991385,AMBULATORY CARE NETWORK,146642,2746660,,
"133 E 58TH ST STE 1002, New York, NY 10022",1991745,INTERMED CARE PC,1991745,2749937,,
"123 W 79TH ST, New York, NY 10024",1992349,NEWAY FERTILITY,1992349,2755488,,
"40 WORTH ST, New York, NY 10013",1993029,WEILL CORNELL MEDICAL COLLEGE,1993029,2841314,,
"462 1ST AVE STE 7N3, New York, NY 10016",1995041,NYU SLEEP DISORDERS CENTER,698214,2773506,,
"110 E 59TH ST RM 10A, New York, NY 10022",1995654,NEW YORK HEAD & NECK NSTITUTE,145447,2782150,,
"800 2ND AVE, New York, NY 10017",1997486,MID MANHATTAN PHYSICIAN SERVICES PC,1997486,2786569,,
"594 BROADWAY STE 1011, New York, NY 10012",1999444,REPRODUCTIVE MEDICINE ASSOCIATES OF NEW YORK LLP,1999444,4280365,,
"156 WILLIAM ST, New York, NY 10038",2002342,WEILL CORNELL MEDICAL COLLEGE,1237797,2826112,,
"219 W 12TH ST, New York, NY 10011",2002543,LENOX HEALTH GREENWICH VILLAGE,1017979,2834244,,
"30 7TH AVE S, New York, NY 10014",2002543,LENOX HEALTH GREENWICH VILLAGE,145447,3072494,,
"51 SAINT NICHOLAS AVE, New York, NY 10026",2004385,HARLEM RHEUMATOLOGY LLC,907780,2857290,,
"251 5TH AVE FL 3, New York, NY 10016",2009220,SYLVIA HESSE MD PC,2009220,2892572,,
"200 W 57TH ST STE 610, New York, NY 10019",2009376,VALLEY PHYSICIANS SERVICES,295880,2892638,,
"425 5TH AVE FL 3, New York, NY 10016",2013534,LIBERA MEDICAL PLLC,2013534,2920704,,
"215 E 95TH ST STE C, New York, NY 10128",2022737,WESTSIDE RADIOLOGY ASSOCIATES PC,306314,2941644,,
"333 E 38TH ST, New York, NY 10016",2022895,NYU CENTER FOR MUSCULOSKELETAL CARE,2022895,2946744,,
"200 W 57TH ST STE 1104, New York, NY 10019",2024562,WALK IN GYN CARE PC,2024562,2980128,,
"62 E 88TH ST FL 2, New York, NY 10128",2028930,CARNEGIE HILL OB GYN PLLC,2028930,2980617,,
"161 FORT WASHINGTON AVE FL 4, New York, NY 10032",2033308,COLUMBIA OB GYN UPTOWN,2033308,3046767,,
"4781 BROADWAY, New York, NY 10034",2034931,BROADWAY PRACTICE,2034931,3018765,,
"55 5TH AVE, New York, NY 10003",203544,MEMORIAL SLOAN KETTERING CANCER CENTER,296042,541695,,
"1 GUSTAVE L LEVY PLACE, New York, NY 10029",203566,MOUNT SINAI HOSPITAL,145729,901584,,
"5141 BROADWAY, New York, NY 10034",203606,PRESBYTERIAN HOSPITAL,343010,535256,,
"137 E 36TH ST, New York, NY 10016",2036518,PL CHANG MD PC,2036518,3041294,,
"301 E 17TH ST, New York, NY 10003",203688,HOSPITAL FOR JOINT DISEASES,203688,535241,,
"18TH ST AND SECOND AVE, New York, NY 10003",203688,HOSPITAL FOR JOINT DISEASES,203688,1557532,,
"911 PARK AVE, New York, NY 10075",2037086,MANHATTAN FAMILY PRACTICE,2037086,3048929,,
"420 E 76TH ST, New York, NY 10021",203759,GRACIE SQUARE HOSPITAL,203759,534330,,
"1230 YORK AVENUE, New York, NY 10021",203783,ROCKEFELLER UNIVERSITY HOSPITAL,203783,535265,,
"227 MADISON ST, New York, NY 10002",203789,GOUVERNEUR HOSPITAL,203789,562922,,
"4 COLUMBUS CIR FL 4, New York, NY 10019",2038090,ZHANG MEDICAL PC,2038090,3040300,,
"4334 BROADWAY, New York, NY 10033",2062408,WASHINGTON HEIGHTS IMAGING,2062408,3059898,,
"5 E 98TH ST FL 2, New York, NY 10029",2063820,ICAHN SCHOOL OF MEDICIINE AT MOUNT SINAI,1018587,3069219,,
"245 E 84TH ST, New York, NY 10028",2065566,LENOX HILL RADIOLOGY,306314,3078278,,
"644 W 168TH ST, New York, NY 10032",2065844,NEW YORK PRESBYTERIAN HOSPITAL,2065844,3080257,,
"413 E 69TH ST, New York, NY 10021",2066434,WEILL CORNELL MEDICAL COLLEGE,147226,3084856,,
"435 E 67TH ST, New York, NY 10065",2066899,MEMORIAL SLOAN KETTERING HOSPITAL SHIPPING & RECEIVING,1727201,3087262,,
"196 CANAL ST 4TH FLR, New York, NY 10013",2067592,EASTERN NEUROLOGIC SERVICES PC,306986,3090929,,
"1250 1ST AVE, New York, NY 10065",2068853,MEMORIAL SLOAN KETTERING CANCER CENTER,2068853,3096098,,
"116 CENTRAL PARK S STE 7, New York, NY 10019",2069330,DELE MICHAEL CARDIOVASCULAR MEDICINE,906278,3102278,,
"20 E 46TH ST, New York, NY 10017",2069972,FRANCESCO ROTATORI MD,2069972,3101357,,
"147 E 26TH ST, New York, NY 10010",2071302,MOUNT SINAI BETH ISRAEL,296045,3108597,,
"115 E 57TH ST STE 1240, New York, NY 10022",2072157,LASZLO RETSAGI MD,147143,3113123,,
"215 E 95TH ST, New York, NY 10128",2072300,ADVANTAGE CARE PHYSICIANS,306314,3114101,,
"530 E 70TH ST, New York, NY 10021",2073603,WEILL CORNELL MEDICAL COLLEGE,1-1NFW5,3139215,,
"45 E END AVE, New York, NY 10028",2073861,NORMAN M MAGID MD,146718,3125498,,
"110 E 40TH ST RM 801, New York, NY 10016",2074065,ROSH MATERNAL FETAL MEDICINE,2074065,3139896,,
"160 WATER ST FL 3, New York, NY 10038",2074474,METROPLUS HEALTH PLAN,2074474,3127673,,
"40 PARK AVE, New York, NY 10016",2079203,MARIA TULPAN MD,2079203,3149251,,
"352 7TH AVE RM 1003, New York, NY 10001",2082349,HILLEL Y MARANS MD,2082349,3201218,,
"75 8TH AVE, New York, NY 10014",2083767,WEST VILLAGE VETERINARY HOSPITAL,1744253,3171391,,
"650 1ST AVE FL 7, New York, NY 10016",2084560,NEW YORK UNIVERSITY LANGONE MEDICAL CENTER,698214,4452614,,
"4290 BROADWAY STE 2S, New York, NY 10033",2087561,FELDMAN MEDICAL PC,1-1NFW5,3194316,,
"425 5TH AVE RM 602, New York, NY 10016",2087731,INTEGRAMED MEDICAL PLLC,2087731,3221613,,
"3867 BROADWAY, New York, NY 10032",2088459,CARDIOLOGY A2Z PLLC,2088459,3199870,,
"433 1ST AVE, New York, NY 10010",2088865,NEW YORK UNIVERSITY,2078830,3234813,,
"428 E 72ND ST STE 200, New York, NY 10021",2090203,WEILL CORNELL OB GYN FACULTY PRACTICE,147226,3212356,,
"1041 3RD AVE, New York, NY 10065",2090313,DAVID FOX MD,2090313,3213315,,
"425 E 61ST ST FL 12, New York, NY 10065",2091151,IRIS CANTOR MENS HEALTH CENTER,296043,3218876,,
"275 7TH AVE FL 2, New York, NY 10001",2092957,ANASTASIOS MANESSIS MD,2092957,3230323,,
"233 BROADWAY STE 2750, New York, NY 10279",2106404,HJLM MEDICAL ASSOCIATES PC,2106404,3238091,,
"1841 BROADWAY, New York, NY 10023",2106688,ALL WOMENS MEDICAL OFFICE BASED SURGERY PLLC,2106688,3242660,,
"110 E 40TH ST RM 800, New York, NY 10016",2108108,KHOURY MEDICAL CARE PC,2108108,3247012,,
"103 E 75TH ST, New York, NY 10021",2108848,SHIRA B EYTAN MD,2108848,3260054,,
"128 MOTT ST STE 608, New York, NY 10013",2111001,JAMES LI MD PLLC,2111001,3264558,,
"1090 AMSTERDAM AVE, New York, NY 10025",2115749,MORNINGSIDE RADIOLOGY,306314,3290946,,
"306 E 59TH ST, New York, NY 10022",2116257,HUMANE SOCIETY OF NEW YORK,2116257,4667934,,
"215 E 85TH ST, New York, NY 10028",2116641,WEILL CORNELL MEDICAL ASSOCIATES,1712055,3297658,,
"7 PENN PLZ STE 618, New York, NY 10001",2122972,2001 MARCUS AVENUE LLC,1040493,3319731,,
"428 E 72ND ST STE 100, New York, NY 10021",2124319,NEW YORK PRESBYTERIAN ENT,296043,3329331,,
"234 E 85TH ST FL 3, New York, NY 10028",2652267,MOUNT SINAI DOCTORS,1018587,4260000,,
"145 E 32ND ST STE 303, New York, NY 10016",2662589,COMPREHENSIVE PAIN & WELLNESS CENTER,2662589,4246513,,
"220 E 69TH ST, New York, NY 10021",2666337,LENOX HILL OB GYN,1017979,4267488,,
"810 7TH AVE FL 21, New York, NY 10019",2667164,COLORADO CENTER FOR REPRODUCTIVE MEDICINE,1-1NFW5,4270198,,
"20 E 46TH ST STE 202, New York, NY 10017",2667228,NEENA AGARWALA MD PC,2667228,4271241,,
"281 BROADWAY, New York, NY 10007",2668238,HUDSON SPINE & PAIN MEDICINE PC,306314,4352833,,
"800A 5TH AVE STE 206, New York, NY 10065",2670367,MANHATTAN CARDIOVASCULAR CARE,2670367,4277438,,
"335 1ST AVE, New York, NY 10003",2670888,WHOLE HEALTH VETERINARY HOSPITAL & DENTAL CLINIC,2670888,4277442,,
"257 W 18TH ST, New York, NY 10011",2677225,HEART OF CHELSEA ANIMAL HOSPITAL,2677225,4290416,,
"5041 BROADWAY FL 2, New York, NY 10034",2677771,MEDALLIANCE MEDICAL HEALTH SERVICES,1157433,4290671,,
"635 MADISON AVE, New York, NY 10022",268147,NEW YORK PHYSICIANS PC,268147,532654,,
"590 5TH AVE, New York, NY 10036",2690056,COLUMBIA DOCTORS,916025,4297319,,
"115 E 57TH ST STE 420, New York, NY 10022",2692128,GLOBAL FERTILITY & GENETICS INC,2692128,4301737,,
"565 MANHATTAN AVE, New York, NY 10027",2693999,RYAN ADAIR COMMUNITY HEALTH CENTER,306314,4305982,,
"853 BROADWAY STE 1516, New York, NY 10003",269900,AMERICAN HEALTHCARE TECH,269900,534406,,
"115 E 57TH ST, New York, NY 10022",2706250,PHYSCIAN HEALTH & WELLNESS,2706250,4328359,,
"70 E 55TH ST, New York, NY 10022",2708683,PERFORMANCE HEALTH,2708683,4332822,,
"200 W 57TH ST STE 1101, New York, NY 10019",2709284,JOSHUA U KLEIN MD PC,2121342,4329638,,
"110 E 59TH ST STE 8B, New York, NY 10022",2711150,LEONID PORETSKY MD,2711150,4332313,,
"215 E 68TH ST, New York, NY 10065",2711353,WEILL CORNELL MEDICAL ASSOCIATES,2711353,4341256,,
"115 E 57TH ST STE 510, New York, NY 10022",2714050,ELLEN MELLOW MD,1426537,4338922,,
"16 PARK PL, New York, NY 10007",2715243,HIGHLINE ORTHOPAEDICS PLLC,306314,5325513,,
"150 E 32ND ST STE 101, New York, NY 10016",2715567,NYU SCHOOL OF MEDICINE,1802866,4341729,,
"568 BROADWAY STE 304, New York, NY 10012",2717819,DOWNTOWN WOMEN OB GYN ASSOCIATES LLP,2717819,4343851,,
"3 E 69TH ST APT 1A, New York, NY 10021",2728257,GREGORY SHIFRIN OB GYN PC,409033,4375638,,
"110 E 59TH ST STE 10D, New York, NY 10022",2731162,NORTHWELL HEALTH PHYSICIAN PARTNERS FERTILITY AT LENOX HILL,1017979,4396513,,
"430 W BROADWAY FL 2, New York, NY 10012",2732100,SOHO GYNECOLOGY,2732100,4376437,,
"104 HAVEN AVE, New York, NY 10032",2735652,COLUMBIA UNIVERSITY,146642,4381266,,
"352 7TH AVE STE 805, New York, NY 10001",2739336,GRAMERCY GYNECOLOGY PC,2739336,4401650,,
"15 E 40TH ST STE 101, New York, NY 10016",2741327,SAINT PETERS PHYSICIAN ASSOCIATES,296047,4393074,,
"225 BROADWAY STE 901, New York, NY 10007",2745053,JOHN WIRTH MD,409033,4420045,,
"120 E 65TH ST, New York, NY 10065",2745062,NANCY LEBOWITZ MD,409033,4412351,,
"1707 3RD AVE, New York, NY 10128",2748681,CARNEGIE HILL VETERINARIANS,2748681,4411303,,
"30 E 60TH ST STE 808, New York, NY 10022",2751216,ELENA MARIA BURUIANA MD FACOG,409033,4425822,,
"1233 2ND AVE, New York, NY 10065",2752522,HSS ASC OF MANHATTAN LLC,1111603,4477247,,
"440 W 114TH ST, New York, NY 10025",2753613,MOUNT SINAI ST LUKES,343187,4441773,,
"20 E 46TH ST STE 403, New York, NY 10017",2757899,SUZANNE I PASTORE MD,296045,4435679,,
"53 BEEKMAN ST, New York, NY 10038",2758455,WEILL CORNELL MEDICAL IMAGING,1-1NFW5,4435862,,
"1283 YORK AVE, New York, NY 10065",2758687,NEW YORK PRESBYTERIAN DAVID H KOCH CENTER,1-1NFW5,4436018,,
"12 E 97TH STE 1C, New York, NY 10029",2758924,HUA CHEN MD,1705295,4436910,,
"4120 BROADWAY, New York, NY 10033",2767768,MID ROCKLAND IMAGING PARTNERS INC,409033,4461331,,
"200 W 57TH ST STE 1300, New York, NY 10019",2772515,MOUNT SINAI WEST OB GYN,2772515,4471823,,
"369 LEXINGTON AVE STE 18A, New York, NY 10017",2774452,RONALD LEV MD,2774452,4476724,,
"530 E 74TH ST, New York, NY 10021",2774761,MEMORIAL SLOAN KETTERING DAVID H KOCH CENTER FOR CANCER CARE,1727201,4478362,,
"1264 SAINT NICHOLAS AVE, New York, NY 10033",2775200,USA VEIN CLINICS,2060544,5601694,,
"55 E 34TH ST, New York, NY 10016",2780873,MOUNT SINAI BETH ISRAEL MEDICAL GROUP,296045,4488162,,
"115 E 57TH ST STE 500, New York, NY 10022",2785279,GENERATION NEXT FERTILITY PLLC,409033,4508319,,
"10 NATHAN D PERLMAN PL, New York, NY 10003",2788589,MOUNT SINAI BETH ISRAEL,296045,4508223,,
"403 E 34TH ST, New York, NY 10016",2800024,DIVISION OF ENVIRONMENTAL PEDIATRICS,1802866,4559515,,
"424 E 89TH ST, New York, NY 10128",2800332,EAST RIVER MEDICAL IMAGING PC,293306,4531010,,
"1625 3RD AVE STE LL, New York, NY 10128",2801767,MANHATTAN FERTILITY SERVICES,409033,4537526,,
"261 5TH AVE STE 901, New York, NY 10016",2815143,ENT & ALLERGY ASSOCIATES LLP,1129619,4599596,,
"10 UNION SQ E, New York, NY 10003",2823479,INSTITUTE FOR HEAD NECK & THYROID CANCER,2079213,4652685,,
"215 E 68TH ST STE 7, New York, NY 10065",2831527,WEILL CORNELL MEDICINE CENTER OF REPRODUCTIVE MEDICINE,409033,4704980,,
"255 GREENWICH ST, New York, NY 10007",2831528,WEILL CORNELL MEDICINE CENTER OF REPRODUCTIVE MEDICINE,1727390,4704982,,
"60 W 68TH ST STE 1A, New York, NY 10023",2846305,GILA AARON MD PC,409033,4824516,,
"146 W 29TH ST STE 12E, New York, NY 10001",2847366,YANTRA ENDOCRINOLOGY WELLNESS PC,409033,5073573,,
"7 7TH AVE, New York, NY 10011",2872241,NORTHWELL HEALTH,1017979,5388621,,
"111 BROADWAY RM 1405, New York, NY 10006",2880909,KHOURY MEDICAL CARE PC,2108108,5459559,,
"157 E 81ST ST, New York, NY 10028",2882870,POYNOR HEALTH,409033,5506629,,
"1153 1ST AVE, New York, NY 10065",2889782,USA VEIN CLINICS,1937529,5617535,,
"1990A LEXINGTON AVE, New York, NY 10035",2891070,STARRETT PODIATRY,2891070,5506315,,
"485 MADISON AVE, New York, NY 10022",2893604,ADAM B COHEN MD,2893604,5593564,,
"226 W 14TH ST, New York, NY 10011",2898036,MOUNT SINAI DOCTORS,296045,5589225,,
"210 E 73RD ST, New York, NY 10021",2898084,NORTHWELL PHYSICIAN GROUP,146770,5586554,,
"330 W 58TH ST STE 414, New York, NY 10019",2899345,BODHI MEDICAL GROUP MANHATTAN MIDTOWN,2899344,5601576,,
"202 E 70TH ST, New York, NY 10021",290012,REGENCY MRI PC,290012,892940,,
"212 CANAL ST, New York, NY 10013",290157,CANAL RADIOLOGY ASSOCIATES,290157,436100,,
"1 E 82ND ST, New York, NY 10028",290424,NEW YORK MEDICAL IMAGING ASSOCIATES PC,290424,436991,,
"165 E 84TH ST FL 6, New York, NY 10028",290424,NEW YORK MEDICAL IMAGING ASSOCIATES PC,290424,436994,,
"61 E 77TH ST, New York, NY 10075",291040,LENOX HILL RADIOLOGY & MEDICAL IMAGING ASSOCIATES,291040,438925,,
"150 E 61ST ST, New York, NY 10065",291494,EAST SIDE CARDIAC IMAGING,291494,440386,,
"184 E 70TH ST STE B1, New York, NY 10021",291582,EAST SIDE MED & CARDIOVASCULAR,291582,440668,,
"201 E 19TH ST, New York, NY 10003",292040,GRAMERCY RADIOLOGY GROUP PC,292040,442678,,
"345 E 37TH ST RM 311, New York, NY 10016",292983,CORINTHIAN OB GYN PC,1702719,445874,,
"523 EAST 72ND STREET, New York, NY 10021",293306,EAST RIVER MEDICAL IMAGING PC,1720547,447002,,
"519 E 72ND ST STE 103, New York, NY 10021",293306,EAST RIVER MEDICAL IMAGING PC,1720547,640836,,
"1051 RIVERSIDE DR, New York, NY 10032",294030,NEW YORK STATE PSYCH INSTITUTE,294030,450319,,
"1185 PARK AVE, New York, NY 10128",295792,REICHSTEIN MD,295792,457376,,
"525 E 68TH ST, New York, NY 10065",295979,WEILL CORNEL MEDICAL COLLEGE,1237797,458010,,
"1901 1ST AVE, New York, NY 10029",296032,METROPOLITAN HOSPITAL CENTER,1115722,458215,,
"170 E END AVE, New York, NY 10128",296035,BETH ISRAEL MEDICAL CENTER S,296045,458240,,
"310 E 14TH ST, New York, NY 10003",296038,NEW YORK EYE & EAR INFIRMARY,296038,458257,,
"423 E 23RD ST, New York, NY 10010",296040,VA NY HARBOR HEALTHCARE SYSTEM MANHATTAN CAMPUS,131626,458267,,
"423 EAST 23RD STREET, New York, NY 10010",296040,VA NY HARBOR HEALTHCARE SYSTEM MANHATTAN CAMPUS,2665224,458266,,
"153 W 11TH ST, New York, NY 10011",296041,ST VINCENTS HOSPITAL,296041,1262087,,
"1275 YORK AVE, New York, NY 10065",296042,MEMORIAL SLOAN KETTERING CANCER CENTER,1727201,458277,,
"411 E 67TH ST, New York, NY 10065",296042,MEMORIAL SLOAN KETTERING CANCER CENTER,1727201,458281,,
"411 E 67TH ST, New York, NY 10021",296042,MEMORIAL SLOAN KETTERING CANCER CENTER,1727201,1286026,,
"15TH ST 1ST AVE AND 2ND AVE, New York, NY 10003",296045,MOUNT SINAI BETH ISRAEL,1018587,1711701,,
"7 IRVING PL, New York, NY 10003",296045,MOUNT SINAI BETH ISRAEL,296045,835832,,
"342 E 49TH ST, New York, NY 10017",297001,BEEKMAN RADIOLOGY PLLC,297001,462080,,
"133 E 58TH ST, New York, NY 10022",297139,PAYNE DAVID R MD,297139,462480,,
"55 E 124TH ST, New York, NY 10035",297589,FOOT CLINICS OF NEW YORK,297589,463805,,
"420 E 72ND ST, New York, NY 10021",297864,ORTHOPEDIC SURGERY SPECIA,297864,464607,,
"4588 BROADWAY, New York, NY 10040",297869,REGIONAL RADIOLOGY,297869,464639,,
"5 CHATHAM SQ, New York, NY 10038",297879,CHATHAM SQUARE MGT INC,297879,464651,,
"62 E 88TH ST STE 201, New York, NY 10128",297880,LIFE STEPS OBGYN,297880,464654,,
"109 LAFAYETTE ST RM 701, New York, NY 10013",297882,CHIANG EUGENE MD,297882,464660,,
"145 E 32ND STREET SUITE 303, New York, NY 10016",297996,MANHATTAN INTERNAL MEDICINE ASSOCIATES PC,1157433,464990,,
"171 E END AVE, New York, NY 10128",298403,SCOTT NORMAN MD,298403,466194,,
"201 E 65TH ST, New York, NY 10065",298512,YAFFE RUDEN & ASSOCIATES LLP,298512,466516,,
"16 E 90TH ST STE 1B, New York, NY 10128",298515,YARBERRY ALLEN DR PATRI,298515,466525,,
"310 E 72ND ST, New York, NY 10021",298520,SEVENTY SECOND ST MEDICAL ASSOCIATES,298520,466540,,
"141 E 63RD ST, New York, NY 10065",298521,FREIMAN JA MD,298521,466543,,
"333 E 57TH ST, New York, NY 10022",298523,CENTER FOR INTERGRATIVE MED,298523,466549,,
"263 W END AVE, New York, NY 10023",298524,DR MAURICE SZTEINBOK,298524,466552,,
"48 E 81ST ST, New York, NY 10028",298526,OSHERANNETTE MD,298526,466559,,
"520 EAST 72ND ST, New York, NY 10021",298527,BARRY KLYDE MD,1-1WCVQSZB,466557,,
"20 W 13TH ST, New York, NY 10011",298531,PFLUM FRANCIS MD,298531,466572,,
"210 CANAL ST RM 203, New York, NY 10013",298532,CHE BI HOON MD,298532,466575,,
"20 PARK AVE, New York, NY 10016",298534,AST FREDERICK MD,298534,466581,,
"79 E 79TH ST, New York, NY 10075",298535,GRUENSPAN HARRY MD,298535,466584,,
"12 W 72ND ST, New York, NY 10023",299980,WEILL CORNELL MEDICAL ASSOCIATES,147226,470861,,
"41 MOTT ST FL 2, New York, NY 10013",300398,EDWARD V CHAN MD,300398,472100,,
"345 E 37TH ST RM 305, New York, NY 10016",301887,MADISON BREAST IMAGING,301887,476601,,
"635 MADISON AVE FL 16TH, New York, NY 10022",301892,MEDICAL IMAGING OF MANHATTAN LLC,306314,476620,,
"75 PARK PL, New York, NY 10007",302162,MAXWELL PARTNERS LLC,302162,477440,,
"159 E 74TH ST, New York, NY 10021",302692,HANNA JESIONOWSKA MD,302692,479046,,
"325 WEST 15TH ST, New York, NY 10011",302755,BETH ISRAEL COMPREHENSIVE CANCER CENTER,296045,479232,,
"59 E 54TH ST RM 63, New York, NY 10022",303333,RAUFA FAROQUI MD PC,303333,481001,,
"50 E 77TH ST, New York, NY 10075",303757,AMALIA C KELLY & CRISTINA MATERA-ABOUZAHR PHYSICIANS PA,303757,482266,,
"120 E 34TH ST, New York, NY 10016",304423,MIDTOWN UROLOGICAL ASSOCIATES,304423,484220,,
"1317 3RD AVE FL 4, New York, NY 10021",304724,MIRIAM LEVY-RAVITCH MD,301892,485147,,
"425 E 68TH ST, New York, NY 10065",304751,MEMORIAL SLOAN KETTERING CANCER CENTER,1727201,485234,,
"1107 5TH AVE, New York, NY 10128",304913,J VICTOR REYNIAK MD PC,304913,485733,,
"604 2ND AVE, New York, NY 10016",304991,KINGS HWY RAD MGT LLC CO DOVE HEALTHCARE MGT INC,304991,1092349,,
"38-44 EAST 30TH ST, New York, NY 10016",306587,MID-MANHATTAN PHYSICIAN,306587,490745,,
"315 W 57TH ST, New York, NY 10019",306761,LILLIAN D NASH MD,306761,491265,,
"55 E 9TH ST, New York, NY 10003",307863,UROLOGICAL ASSOC,307863,494568,,
"25 CENTRAL PARK W, New York, NY 10023",309540,CYRUS A ASSADI MD PC,309540,499618,,
"345 E 37TH ST RM 204, New York, NY 10016",309846,CORINTHIAN DIAG RADIOLOGY,309846,500524,,
"944 PARK AVE, New York, NY 10028",311967,ALLIED MEDICAL MANAGEMENT CORP,311967,506809,,
"101 AVENUE OF THE AMERICAS, New York, NY 10013",312945,LOCAL 32 BJ HEALTH CENTER,312945,509787,,
"768 PARK AVE, New York, NY 10021",315352,ADAM ROMOFF & SUZANNE YALE MDS,315352,516847,,
"333 E 30TH ST, New York, NY 10016",315355,KIPS BAY MEDICAL SERVICES INC,315355,516856,,
"68 BAYARD ST, New York, NY 10013",315365,ROLAND NYEIN MD PC,315365,516883,,
"1435 BROADWAY FL 4, New York, NY 10018",315388,LOCAL 400 MEMORIAL CLINIC,315388,516950,,
"1126 PARK AVE, New York, NY 10128",315404,JONATHAN SCHER MD LLC,315404,517001,,
"159 E 69TH ST, New York, NY 10021",315408,JONATHAN A KORN MD &,315408,517013,,
"157 E 72ND ST, New York, NY 10021",315461,ROBERT W DILLON MD,315461,517170,,
"945 FIFTH AVENUE, New York, NY 10021",315506,ROSENBAUM SILVERSTONE &,315506,517314,,
"150 PARK ROW, New York, NY 10007",315507,METROPOLITAN CORRECTIONAL CTR,315507,517313,,
"114 E 90TH ST, New York, NY 10128",316152,LEONARD BIEL JR MD,316152,520147,,
"21 E 90TH ST, New York, NY 10128",316195,JAY BAUMAN  MD,316195,1590881,,
"416 E 55TH ST, New York, NY 10022",316677,MRSI MANAGEMENT INC,316677,521807,,
"1 POLICE PLAZA - ROOM 1016, New York, NY 10038",318042,NYC POLICE HEADQUARTERS,318042,568881,,
"1140 YORK AVE OFC P1, New York, NY 10065",318043,CLEMENT M BARONE MD PC,318043,568882,,
"1160 PARK AVE, New York, NY 10128",318044,JAFFIN MOSS CHERRY MD PC,146362,568890,,
"1045 PARK AVE, New York, NY 10028",318047,BARBARA EDELSTEIN MD,318047,568896,,
"875 PARK AVE, New York, NY 10075",318054,WAYNE DECKER MD,318054,568923,,
"510 E 62ND ST, New York, NY 10065",318063,ANIMAL MEDICAL CENTER,318063,568954,,
"125 E 72ND ST, New York, NY 10021",318072,ISADORE ROSENFELD M D,318072,568982,,
"260 E 67TH ST, New York, NY 10065",318073,RENEE SOLOW MD,318073,568987,,
"338 E 30 ST, New York, NY 10016",318074,CHARLES H DEBROVNER MD PC,318074,568989,,
"55 EAST 34TH STREET, New York, NY 10016",318075,PREVENTIVE MEDICINE INSTITUTE,318075,568991,,
"550 1ST AVE, New York, NY 10016",318083,NEW YORK UNIVERSITY LANGONE MEDICAL CENTER,1684240,1586370,,
"660 1ST AVE, New York, NY 10016",318083,NEW YORK UNIVERSITY LANGONE MEDICAL CENTER,1684240,2241713,,
"31ST & E RIVER DR 6FL RM 6F, New York, NY 10016",318083,NEW YORK UNIVERSITY LANGONE MEDICAL CENTER,1802866,1776928,,
"535 E 70TH ST, New York, NY 10021",319222,HOSPITAL FOR SPECIAL SURGERY,319222,572530,,
"622 W 168TH ST-PH1630, New York, NY 10032",343010,TRUSTEES OF COLUMBIA UNIVERSITY,916025,643348,,
"1111 AMSTERDAM AVE, New York, NY 10025",343187,MOUNT SINAI ST LUKES,145910,643706,,
"114TH ST & AMSTERDAM AVE, New York, NY 10025",343187,MOUNT SINAI ST LUKES,145910,1943053,,
"115TH ST & AMSTERDAM AVE, New York, NY 10025",343187,MOUNT SINAI ST LUKES,157162,1943055,,
"425 E 61ST ST FL 6, New York, NY 10065",343302,NEW YORK CARDIOLOGY ASSOCIATES PC,343302,2003632,,
"222 E 68TH ST, New York, NY 10065",343345,LICHY & KOLB MDS,343345,644125,,
"133 E 58TH ST STE 301, New York, NY 10022",345033,JAMES A BLAKE MD,345033,1773164,,
"133 E 58TH STE STE 301, New York, NY 10022",345033,JAMES A BLAKE MD,345033,648935,,
"134 E 93RD ST, New York, NY 10128",405278,EASTSIDE WOMENS OB GYN,405278,712582,,
"1015 MADISON AVE RM 302, New York, NY 10075",414753,REGINALD PUCKETT MD,414753,715316,,
"425 E 61 ST, New York, NY 10021",434337,NEW YORK PRESBYTERIAN WEILL CORNELL MEDICAL CENTER,296043,725498,,
"241 E 86TH ST APT 2D, New York, NY 10128",438844,MOUNT SINAI ASSOCIATES IN INTERNAL MEDICINE,438844,1685990,,
"315 W 57TH ST STE LL4, New York, NY 10019",460846,PARK WEST RADIOLOGY,306314,1598995,,
"19 BEEKMAN ST FL 3, New York, NY 10038",465695,SEAPORT ORTHOPAEDIC ASSOCIATES,465695,1779229,,
"304 PARK AVE S FL 6, New York, NY 10010",473669,PATH MEDICAL PC,473669,1731737,,
"205 E 64TH ST, New York, NY 10065",479400,MEMORIAL SLOAN KETTERING IRIS CANTOR DIAGNOSTIC CENTER,306314,1079637,,
"525 PARK AVE, New York, NY 10021",479824,PARK AVENUE RADIOLOGISTS,306314,5325515,,
"400 E 34TH ST, New York, NY 10016",483015,RUSK INSTITUTE OF REHABILITATION MEDICINE,483015,783254,,
"160 E 53RD ST, New York, NY 10022",523436,MEMORIAL SLOAN KETTERING CANCER CENTER ROCKERFELLER OUTPATIENT PAVILION,1727201,805493,,
"160 7TH AVE S, New York, NY 10014",528195,GATTEREAU & EDWARDS MD PC,528195,807410,,
"461 PARK AVE S, New York, NY 10016",532983,ELM UROLOGY ASSOCIATES PC,532983,809388,,
"1300 YORK AVE, New York, NY 10065",545285,WEILL MEDICAL COLLEGE OF CORNELL UNIVERSITY,147226,1584881,,
"520 1ST AVE, New York, NY 10016",546405,NEW YORK MED EXAMINERS OFFICE,546405,816652,,
"62 CROSBY ST, New York, NY 10012",607378,RICHARD M WIND MD,607378,844922,,
"516 E 72ND ST, New York, NY 10021",609220,CITIGROUP BIOMEDICAL IMAGING CENTER AT WEILL CORNELL MEDICAL COLLEGE,409033,845707,,
"16 EAST 60TH STREET, New York, NY 10022",623211,COLUMBIA PRESBYTERIAN,623211,850302,,
"140 4TH AVE, New York, NY 10003",630591,PARK SOUTH IMAGING HOLDINGS LP,630591,884052,,
"627 W 165TH ST, New York, NY 10032",636286,NEW YORK & PRESBYTERIAN HOSPITAL,296043,901302,,
"171 E 84TH ST, New York, NY 10028",652745,NOVICK IMAGING ENTERPRISES LLC,652745,866095,,
"307 E 63RD ST, New York, NY 10065",654633,INNER IMAGING LLC,654633,866875,,
"635 MEDICINE AVE, New York, NY 10022",655986,REPRODUCTIVE MEDICINE OF NEW YORK,655986,867422,,
"35 E 85TH ST, New York, NY 10128",658398,MARATHON MEDICAL PC,145729,1427297,,
"534 W 135TH ST FRNT 2, New York, NY 10031",666870,CHARLES RANGEL COMMUNITY HEALTH CENTER,666870,871041,,
"380 2ND AVE RM 303, New York, NY 10010",671485,PAUL J BETSCHART DPM PC,671485,872996,,
"475 E 72ND ST, New York, NY 10021",681088,RICHARD STERN MD,681088,876277,,
"1425 MADISON AVE, New York, NY 10029",682866,MOUNT SINAI HOSPITAL,409033,876848,,
"425 E 61TH ST, New York, NY 10065",685231,WEILL MEDICAL COLLEGE OF CORNELL UNIVERSITY,296043,877410,,
"232 SHERMAN AVE, New York, NY 10034",688284,BIALINES A ESPINOSA MD,688284,878253,,
"7 IRVING PLACE, New York, NY 10003",696678,PHILLIPS AMBULATORY CARE CENTER,696678,880731,,
"530 1ST AVE, New York, NY 10016",698214,NEW YORK UNIVERSITY LANGONE MEDICAL CENTER,1-1NFW5,887806,,
"210 CENTRAL PARK S, New York, NY 10019",701973,OLIVIA LEMEND MD,701973,886683,,
"306 W 106TH ST, New York, NY 10025",705819,KEVIN L MARTIN MD,705819,1659397,,
"510 E 70TH ST 4TH FLR RM K415, New York, NY 10021",713855,ARTHRITIS MEDICAL CENTER OF THE CENTRAL COAST,713855,1760378,,
"21 E 69TH ST, New York, NY 10021",727774,CENTER FOR HUMAN REPRODUCTION,727774,893603,,
"328 E 75TH ST, New York, NY 10021",728130,UNIVERSAL IMAGING DIAG GRP LLC,728130,893849,,
"225 PARK AVE S, New York, NY 10003",731513,PORT AUTHORITY OF NY & NJ,731513,895410,,
"158 E 84TH ST, New York, NY 10028",737072,PARK EAST CARDIOVASCULAR,1017979,1091846,,
"645 10TH AVE, New York, NY 10036",750305,RYAN CHELSEA CLINTON COMMUNITY HEATLH CENTER,750305,935951,,
"286 FT WASHINGTON AVE STE 1A, New York, NY 10032",756281,WASHINGTON HEIGHTS UROLOGY PC,756281,1729128,,
"280 HENRY ST, New York, NY 10002",761802,BETANCES HEALTH CENTER,761802,936187,,
"791 PARK AVE, New York, NY 10021",777029,PHILIP WEINTRAUB MD,777029,936723,,
"254 CANAL ST RM 3001, New York, NY 10013",783703,MARCUS LOO MD,783703,1657740,,
"955 PARK AVE, New York, NY 10028",783705,PETER SAILON MD,783705,940833,,
"205 E 78TH ST, New York, NY 10075",784186,JANUSZ PLAWNER MD,784186,941208,,
"317 E 34TH ST, New York, NY 10016",794408,ROY G GERONEMUS MD PC,794408,954117,,
"4 E 95TH ST, New York, NY 10128",822670,JILL FISHBANE-MAYER MD,822670,979179,,
"160 E 32ND ST STE 101, New York, NY 10016",843792,NEW YORK METROPOLITAN LITHOTRIPTOR ASSOCIATES PC,843792,1010284,,
"144 4TH AVE, New York, NY 10003",843873,UNION SQUARE DIAGNOSTIC IMAGING,306314,1548648,,
"1021 PARK AVE, New York, NY 10028",844416,CARMINE PETRACCA,844416,1011717,,
"67 IRVING PL FL 8, New York, NY 10003",870769,DAVID S FELDMAN MD PC,870769,1069179,,
"150 E 32ND ST FL 2, New York, NY 10016",873908,NEW YORK UNIVERSITY,698214,1070242,,
"123 W 86TH ST, New York, NY 10024",887482,ELLEN BLYE & ELLIOT J ARONS MDS PC,887482,1082149,,
"1045 5TH AVE, New York, NY 10028",887496,SAMI S DAVID MD,887496,1084628,,
"121 E 60TH ST, New York, NY 10022",887627,ROBERT L BARD MD PC,887627,1098701,,
"115 E 86TH ST, New York, NY 10028",898482,JEFFREY H GRAF MD,898482,1287827,,
"125 EAST 63RD ST, New York, NY 10065",904006,NARGESS AHGHARIAN MD & ELLEN MANOS MD,904006,1350032,,
"320 E 15TH ST, New York, NY 10003",909004,STRANG CLINIC,909004,1100941,,
"61 E 86TH ST, New York, NY 10028",939926,JOAN BERMAN & SHARON DIAMOND MDS,939926,1326878,,
"128 MOTT ST STE 701, New York, NY 10013",940786,WINDSOR TING MD,940786,1392309,,
"207 E 57TH ST APT 17B, New York, NY 10022",960740,ROBERT SEGAL MD,960740,1817196,,
"161 MADISON AVE RM 4SW, New York, NY 10016",966721,MIDTOWN REPRODUCTIVE MED PC,1136512,1240612,,
"488 MADISON AVE FL 1220, New York, NY 10022",968960,SCHAFFER SCHONHOLZ & DROSSMAN LLP,297866,2589828,,
"930 5TH AVE, New York, NY 10021",978126,RADOSLAV JOVANOVIC MD LLC,978126,1430637,,
"251 E 33RD ST  5TH FL, New York, NY 10016",978519,MARGARET NACHTIGALL MD,978519,1494812,,
"220 W 72ND ST, New York, NY 10023",1047951,CITY VETERINARY CARE,1047951,1371882,,
"700 W 180TH ST, New York, NY 10033",1064040,MARIO B CASTILLO MD,1064040,1515106,,
"425 5TH AVE FL 4, New York, NY 10016",1070451,COMPREHENSIVE HEALTHCARE,1070451,1653168,,
"217 GRAND STREET, New York, NY 10013",1119913,KENNETH TAM MD,1119913,1429406,,
"14 W 23RD ST, New York, NY 10010",1345777,KIMA CENTER,1345777,1619194,,
"110 E 59TH ST RM 9B, New York, NY 10022",1387580,MARK L MEYER MD PLLC,1017979,1843506,,
"106 E 76TH ST, New York, NY 10021",145447,LENOX HILL HOSPITAL,1017979,1875169,,
"107 E 76TH STREET, New York, NY 10021",145447,LENOX HILL HOSPITAL,145447,535276,,
"215 W 125TH ST, New York, NY 10027",145837,NYC HEALTH & HOSPITALS CORP,145837,542492,,
"45 E 85TH ST, New York, NY 10028",146245,OB-GYN ASSOCIATES,146245,564991,,
"885 PARK AVE, New York, NY 10021",146328,AUSTIN ABRAMSON MD,146328,882382,,
"726 BROADWAY, 2ND FL STE 221, New York, NY 10003",146371,NYU HOSPITALS CENTER,318083,534307,,
"177 FT WASHINGTON AVE, New York, NY 10032",146642,COLUMBIA UNIVERSITY,146642,535251,,
"506 LENNOX AVE, New York, NY 10037",146809,HARLEM HOSPITAL CENTER,146809,535240,,
"101 MADISON AND FIFTH AVE, New York, NY 10029",147009,MOUNT SINAI HOSPITAL,1-1NFW5,1375323,,
"7 DIVISION 2ND FLOOR, New York, NY 10002",147063,CYNTHIA WU  MD,1-1WCVQSZB,525751,,
"16 EAST 60TH STREET SUITE 321, New York, NY 10021",147097,COLUMBIA UNIVERSITY IN THE CITY OF NEW YORK,147097,1336324,,
"161 FORT WASHINGTON AVENUE, New York, NY 10032",147097,COLUMBIA UNIVERSITY IN THE CITY OF NEW YORK,147097,564938,,
"3959 BROADWAY BHS-ROOM 1-115, New York, NY 10032",147097,COLUMBIA UNIVERSITY IN THE CITY OF NEW YORK,147097,564934,,
"215 EAST 95TH STREET, New York, NY 10128",147176,NEW YORK UNIV,386546,533111,,
"425 E 61ST ST, New York, NY 10021",147226,WEILL MEDICAL COLLEGE OF CORNELL UNIVERSITY,147226,904105,,
"1305 YORK AVE 6TH FL, New York, NY 10021",147226,WEILL MEDICAL COLLEGE OF CORNELL UNIVERSITY,685231,1542674,,
"16 EAST 16TH STREET, New York, NY 10003",147365,SIDNEY HILLMAN HEALTH CENTER,147365,541681,,
"630 W 168TH STREET, New York, NY 10032",157164,TRUSTEES OF COLUMBIA UNIVERSITY IN THE CITY OF NEW YORK,1-1WCVQSZB,930484,,
"101 1ST ST (5TH AND MADISON), New York, NY 10029",203566,MOUNT SINAI HOSPITAL,1018587,711296,,
"1470 MADISON AVENUE, New York, NY 10029",203566,MOUNT SINAI HOSPITAL,145729,708677,,
"101ST ST BETWEEN MADISON & 5TH, New York, NY 10029",203566,MOUNT SINAI HOSPITAL,145729,535192,,
"5 E 102ND ST, New York, NY 10029",203566,MOUNT SINAI HOSPITAL,203566,1595480,,
"155 CANAL ST, New York, NY 10013",290627,CP ADVANCED IMAGING PLLC,290627,1717909,,
"519 E 72ND STREET, New York, NY 10021",293306,EAST RIVER MEDICAL IMAGING PC,1720547,638604,,
"3 EAST 75TH STREET, New York, NY 10021",293306,EAST RIVER MEDICAL IMAGING PC,1720547,1276423,,
"7 W 34TH ST, New York, NY 10001",295990,HIP HEALTH PLAN OF NEW YORK,295990,458044,,
"170 W 12TH STREET, New York, NY 10011",296041,ST VINCENTS HOSPITAL,296041,1263163,,
"170 W 12TH ST, New York, NY 10011",296041,ST VINCENTS HOSPITAL,296041,1262084,,
"411 E 67TH STREET, New York, NY 10021",296042,MEMORIAL SLOAN KETTERING CANCER CENTER,1727201,458278,,
"410 E 68TH STREET, New York, NY 10021",296042,MEMORIAL SLOAN KETTERING CANCER CENTER,296042,458282,,
"435 EAST 67TH STREET, New York, NY 10021",296042,MEMORIAL SLOAN KETTERING CANCER CENTER,296042,458279,,
"622 WEST 168TH STREET, New York, NY 10032",296043,NEW YORK PRESBYTERIAN WEILL CORNELL MEDICAL CENTER,1790489,1437894,,
"710 W 168TH ST NI-10, New York, NY 10032",296043,NEW YORK PRESBYTERIAN WEILL CORNELL MEDICAL CENTER,2065844,1858670,,
"177 FORT WASHINGTON AVE, New York, NY 10022",296043,NEW YORK PRESBYTERIAN WEILL CORNELL MEDICAL CENTER,296043,726480,,
"88TH ST & EAST END AVE, New York, NY 10128",296045,MOUNT SINAI BETH ISRAEL,296045,458319,,
"237 EAST 20TH STREET, New York, NY 10003",298529,EDWARD MERKER MD,298529,466566,,
"115 E 86TH, New York, NY 10028",301362,NEW YORK CARDIAC DIAGNOSTIC,301362,475016,,
"32 WEST 18TH ST 5TH FL, New York, NY 10011",302390,DANIEL CLEMENT MD PC,302390,478113,,
"660 FIRST AVE 5TH FL RM 500, New York, NY 10016",302516,NY UNIV SCHOOL OF MEDICINE,850655,478498,,
"1016 FIFTH AVENUE, New York, NY 10028",305675,M FATEH & K SULTAN MDS PC,305675,488016,,
"23 WALL STREET, New York, NY 10260",308969,MORGAN TRUST,308969,497888,,
"2 MOTT STREET, New York, NY 10013",310746,EDWARD K MOK MD,310746,503168,,
"425 W 59TH STREET SUITE 60, New York, NY 10019",310961,WEST SIDE RADIOLOGY ASSOCIATES PC,310961,503808,,
"1790 BROADWAY SUITE 1100, New York, NY 10019",310961,WEST SIDE RADIOLOGY ASSOCIATES PC,310961,706515,,
"945 FIFTH AVE, New York, NY 10021",315506,ROSENBAUM SILVERSTONE &,315506,517316,,
"726 BROADWAY FL 2, New York, NY 10003",318083,NEW YORK UNIVERSITY LANGONE MEDICAL CENTER,290003,1634923,,
"125 WORTH STREET, New York, NY 10013",318084,NEW YORK CITY HEALTH & HOSPITALS,318084,569018,,
"123 LAFAYETTE ST - 6TH FLOOR, New York, NY 10013",334130,SINOG MEDICAL ASSOCIATES PC,1732991,623672,,
"225 E 64TH STREET, New York, NY 10021",343209,RONALD D BLATT MD PC,343209,643756,,
"1070 PARK AVE STE 1A, New York, NY 10128",539029,MIKLOS TOTH MD,539029,812673,,
"139 E STREET, New York, NY 10016",717440,LEXINGTON VET GROUP,717440,889408,,
"622 WEST 168TH ST, New York, NY 10032",725409,COLUMBIA UNIVERSITY,1092643,892521,,
"1150 ST NICHOLS AVE, New York, NY 10032",731096,MOLECULAR GENETICS,731096,895237,,
"301 E 55TH ST, New York, NY 10022",733150,MEMORIAL SLOAN KETTERING CANCER CENTER DISTRIBUTION CENTER,296042,1403718,,
"109 EAST 38TH STREET, New York, NY 10016",783704,JACOB HEYMAN MD PC,1-1NFW5,940831,,
"445 W 58TH ST, New York, NY 10019",845978,ST LUKES ROOSEVELT,343187,1012756,,
"31ST ST AND EAST RIVER DR, New York, NY 10016",850655,NEWYORK PRESBYTERIAN BROOKLYN METHODIST HOSPITAL,1684240,1626480,,
"123 LAFAYETTE ST  6TH FLOOR, New York, NY 10013",898589,MANSY CORPORATION,898589,1097372,,
"650 FIRST AVENUE, New York, NY 10016",917586,MURRAY HILLS RADIOLOGY & MAMMOGRAPHY PC,306314,1264686,,
"271 AVE C APT 6G, New York, NY 10009",949356,JOCELYN GREENIDGE MD,1-1WCVQSZB,1221126,,
"623 W 207TH ST OFC 12, New York, NY 10034",992809,FOX MEDICAL PC,992809,1793606,,
